"id","user_id","track_id","name","artists","played_at","album_name","album_image","spotify_url"
1,1,"0yuAWlxq59xT3agQ965OxE",Sunsetz,Cigarettes After Sex,2025-04-04 21:32:27.412,Cigarettes After Sex,https://i.scdn.co/image/ab67616d0000b273dfed999f959177dfc4f33cdc,https://open.spotify.com/track/0yuAWlxq59xT3agQ965OxE
2,1,"5FCMqNc9fodjQRIXbG7Ld1",i don't know you anymore,sombr,2025-04-04 21:28:52.212,i don't know you anymore,https://i.scdn.co/image/ab67616d0000b2735282e0f6d9ad9b0fbb070d59,https://open.spotify.com/track/5FCMqNc9fodjQRIXbG7Ld1
3,1,"3g7ngtg7xK3N9nKwAjDfH3",Falling In Love,Cigarettes After Sex,2025-04-04 21:25:03.906,Cry,https://i.scdn.co/image/ab67616d0000b2738324db1ae37be249aed887e7,https://open.spotify.com/track/3g7ngtg7xK3N9nKwAjDfH3
4,1,"5ZP8LfM7TezqoxF9yp6VzX",Stop Waiting,Cigarettes After Sex,2025-04-04 21:20:57.603,Bubblegum,https://i.scdn.co/image/ab67616d0000b273f00e7eae8e4ed688e17fc118,https://open.spotify.com/track/5ZP8LfM7TezqoxF9yp6VzX
5,1,"3xQgvGwf3KnaYry1bPsQIb",Silver Sable,Cigarettes After Sex,2025-04-04 21:14:31.807,X's,https://i.scdn.co/image/ab67616d0000b273967004d2f641e38309a0b547,https://open.spotify.com/track/3xQgvGwf3KnaYry1bPsQIb
6,1,"3hRV0jL3vUpRrcy398teAU",The Night We Met,Lord Huron,2025-04-04 21:10:39.397,Strange Trails,https://i.scdn.co/image/ab67616d0000b27317875a0610c23d8946454583,https://open.spotify.com/track/3hRV0jL3vUpRrcy398teAU
7,1,"4z6qtN4iZ7MPVZYCtiSgsM",Brutally,Suki Waterhouse,2025-04-04 21:07:10.692,Brutally,https://i.scdn.co/image/ab67616d0000b27349355ed46f99fa1eb339ec86,https://open.spotify.com/track/4z6qtN4iZ7MPVZYCtiSgsM
8,1,"1oAwsWBovWRIp7qLMGPIet",Apocalypse,Cigarettes After Sex,2025-04-04 21:03:42.096,Cigarettes After Sex,https://i.scdn.co/image/ab67616d0000b273dfed999f959177dfc4f33cdc,https://open.spotify.com/track/1oAwsWBovWRIp7qLMGPIet
9,1,"5E02BgqYNN9VzafXrYP6Np",Heavenly,Cigarettes After Sex,2025-04-04 20:58:49.691,Cry,https://i.scdn.co/image/ab67616d0000b2738324db1ae37be249aed887e7,https://open.spotify.com/track/5E02BgqYNN9VzafXrYP6Np
10,1,"5E02BgqYNN9VzafXrYP6Np",Heavenly,Cigarettes After Sex,2025-04-04 20:54:27.840,Cry,https://i.scdn.co/image/ab67616d0000b2738324db1ae37be249aed887e7,https://open.spotify.com/track/5E02BgqYNN9VzafXrYP6Np
11,1,"7fPSEiiNsZ5JybOoXLkaZN",My Mind,Suki Waterhouse,2025-04-04 20:53:33.334,I Can't Let Go,https://i.scdn.co/image/ab67616d0000b273499abd71f3d723ab3d3e0bfa,https://open.spotify.com/track/7fPSEiiNsZ5JybOoXLkaZN
12,1,"68Hj6boN4Yo2l7RZBnSpW0",Starry Eyes,Cigarettes After Sex,2025-04-04 20:50:20.318,I.,https://i.scdn.co/image/ab67616d0000b273f20d15ff288e94492f7097eb,https://open.spotify.com/track/68Hj6boN4Yo2l7RZBnSpW0
13,1,"1DZNsoWduUjm2o04R47rDk",Hot,Cigarettes After Sex,2025-04-04 20:46:53.804,X's,https://i.scdn.co/image/ab67616d0000b273967004d2f641e38309a0b547,https://open.spotify.com/track/1DZNsoWduUjm2o04R47rDk
14,1,"2xGjfbXZnI8uQDhukoQURQ",K.,Cigarettes After Sex,2025-04-04 20:42:55.808,Cigarettes After Sex,https://i.scdn.co/image/ab67616d0000b273dfed999f959177dfc4f33cdc,https://open.spotify.com/track/2xGjfbXZnI8uQDhukoQURQ
15,1,"5HNCy40Ni5BZJFw1TKzRsC",Comfortably Numb,Pink Floyd,2025-04-04 11:58:17.924,The Wall,https://i.scdn.co/image/ab67616d0000b2735d48e2f56d691f9a4e4b0bdf,https://open.spotify.com/track/5HNCy40Ni5BZJFw1TKzRsC
16,1,"09vTt6XBuGGTQlmL7Ehwi7",SLICKMAN,Skrillex,2025-04-04 11:45:10.757,F*CK U SKRILLEX YOU THINK UR ANDY WARHOL BUT UR NOT!! <3,https://i.scdn.co/image/ab67616d0000b273ef32751589a91db8bb46fa26,https://open.spotify.com/track/09vTt6XBuGGTQlmL7Ehwi7
17,1,"2MX61zLIo9LohKn8cGTqY8",WHILE YOU WERE SLEEPING VIP,"Skrillex, Virtual Riot, Nakeesha",2025-04-04 11:44:25.959,F*CK U SKRILLEX YOU THINK UR ANDY WARHOL BUT UR NOT!! <3,https://i.scdn.co/image/ab67616d0000b273ef32751589a91db8bb46fa26,https://open.spotify.com/track/2MX61zLIo9LohKn8cGTqY8
18,1,"0IzEFIuQ216h7pq4HKsqY4",SPITFIRE,"Skrillex, HAWAII SLIM",2025-04-04 11:42:59.657,F*CK U SKRILLEX YOU THINK UR ANDY WARHOL BUT UR NOT!! <3,https://i.scdn.co/image/ab67616d0000b273ef32751589a91db8bb46fa26,https://open.spotify.com/track/0IzEFIuQ216h7pq4HKsqY4
19,1,"3tkzHn6WVGdAGEet1J4VDt",SKRILLEX IS DEAD,"Skrillex, Dj Smokey",2025-04-04 11:41:30.058,F*CK U SKRILLEX YOU THINK UR ANDY WARHOL BUT UR NOT!! <3,https://i.scdn.co/image/ab67616d0000b273ef32751589a91db8bb46fa26,https://open.spotify.com/track/3tkzHn6WVGdAGEet1J4VDt
20,1,"7z7kvUQGwlC6iOl7vMuAr9",Dancing In The Flames,The Weeknd,2025-04-04 11:38:16.606,Dancing In The Flames,https://i.scdn.co/image/ab67616d0000b273f0e9b93cadbeb4d0227a59eb,https://open.spotify.com/track/7z7kvUQGwlC6iOl7vMuAr9
21,1,"0yuAWlxq59xT3agQ965OxE",Sunsetz,Cigarettes After Sex,2025-04-04 21:32:27.412,Cigarettes After Sex,https://i.scdn.co/image/ab67616d0000b273dfed999f959177dfc4f33cdc,https://open.spotify.com/track/0yuAWlxq59xT3agQ965OxE
22,1,"5FCMqNc9fodjQRIXbG7Ld1",i don't know you anymore,sombr,2025-04-04 21:28:52.212,i don't know you anymore,https://i.scdn.co/image/ab67616d0000b2735282e0f6d9ad9b0fbb070d59,https://open.spotify.com/track/5FCMqNc9fodjQRIXbG7Ld1
23,1,"3g7ngtg7xK3N9nKwAjDfH3",Falling In Love,Cigarettes After Sex,2025-04-04 21:25:03.906,Cry,https://i.scdn.co/image/ab67616d0000b2738324db1ae37be249aed887e7,https://open.spotify.com/track/3g7ngtg7xK3N9nKwAjDfH3
24,1,"5ZP8LfM7TezqoxF9yp6VzX",Stop Waiting,Cigarettes After Sex,2025-04-04 21:20:57.603,Bubblegum,https://i.scdn.co/image/ab67616d0000b273f00e7eae8e4ed688e17fc118,https://open.spotify.com/track/5ZP8LfM7TezqoxF9yp6VzX
25,1,"3xQgvGwf3KnaYry1bPsQIb",Silver Sable,Cigarettes After Sex,2025-04-04 21:14:31.807,X's,https://i.scdn.co/image/ab67616d0000b273967004d2f641e38309a0b547,https://open.spotify.com/track/3xQgvGwf3KnaYry1bPsQIb
26,1,"3hRV0jL3vUpRrcy398teAU",The Night We Met,Lord Huron,2025-04-04 21:10:39.397,Strange Trails,https://i.scdn.co/image/ab67616d0000b27317875a0610c23d8946454583,https://open.spotify.com/track/3hRV0jL3vUpRrcy398teAU
27,1,"4z6qtN4iZ7MPVZYCtiSgsM",Brutally,Suki Waterhouse,2025-04-04 21:07:10.692,Brutally,https://i.scdn.co/image/ab67616d0000b27349355ed46f99fa1eb339ec86,https://open.spotify.com/track/4z6qtN4iZ7MPVZYCtiSgsM
28,1,"1oAwsWBovWRIp7qLMGPIet",Apocalypse,Cigarettes After Sex,2025-04-04 21:03:42.096,Cigarettes After Sex,https://i.scdn.co/image/ab67616d0000b273dfed999f959177dfc4f33cdc,https://open.spotify.com/track/1oAwsWBovWRIp7qLMGPIet
29,1,"5E02BgqYNN9VzafXrYP6Np",Heavenly,Cigarettes After Sex,2025-04-04 20:58:49.691,Cry,https://i.scdn.co/image/ab67616d0000b2738324db1ae37be249aed887e7,https://open.spotify.com/track/5E02BgqYNN9VzafXrYP6Np
30,1,"5E02BgqYNN9VzafXrYP6Np",Heavenly,Cigarettes After Sex,2025-04-04 20:54:27.840,Cry,https://i.scdn.co/image/ab67616d0000b2738324db1ae37be249aed887e7,https://open.spotify.com/track/5E02BgqYNN9VzafXrYP6Np
31,1,"7fPSEiiNsZ5JybOoXLkaZN",My Mind,Suki Waterhouse,2025-04-04 20:53:33.334,I Can't Let Go,https://i.scdn.co/image/ab67616d0000b273499abd71f3d723ab3d3e0bfa,https://open.spotify.com/track/7fPSEiiNsZ5JybOoXLkaZN
32,1,"68Hj6boN4Yo2l7RZBnSpW0",Starry Eyes,Cigarettes After Sex,2025-04-04 20:50:20.318,I.,https://i.scdn.co/image/ab67616d0000b273f20d15ff288e94492f7097eb,https://open.spotify.com/track/68Hj6boN4Yo2l7RZBnSpW0
33,1,"1DZNsoWduUjm2o04R47rDk",Hot,Cigarettes After Sex,2025-04-04 20:46:53.804,X's,https://i.scdn.co/image/ab67616d0000b273967004d2f641e38309a0b547,https://open.spotify.com/track/1DZNsoWduUjm2o04R47rDk
34,1,"2xGjfbXZnI8uQDhukoQURQ",K.,Cigarettes After Sex,2025-04-04 20:42:55.808,Cigarettes After Sex,https://i.scdn.co/image/ab67616d0000b273dfed999f959177dfc4f33cdc,https://open.spotify.com/track/2xGjfbXZnI8uQDhukoQURQ
35,1,"5HNCy40Ni5BZJFw1TKzRsC",Comfortably Numb,Pink Floyd,2025-04-04 11:58:17.924,The Wall,https://i.scdn.co/image/ab67616d0000b2735d48e2f56d691f9a4e4b0bdf,https://open.spotify.com/track/5HNCy40Ni5BZJFw1TKzRsC
36,1,"09vTt6XBuGGTQlmL7Ehwi7",SLICKMAN,Skrillex,2025-04-04 11:45:10.757,F*CK U SKRILLEX YOU THINK UR ANDY WARHOL BUT UR NOT!! <3,https://i.scdn.co/image/ab67616d0000b273ef32751589a91db8bb46fa26,https://open.spotify.com/track/09vTt6XBuGGTQlmL7Ehwi7
37,1,"2MX61zLIo9LohKn8cGTqY8",WHILE YOU WERE SLEEPING VIP,"Skrillex, Virtual Riot, Nakeesha",2025-04-04 11:44:25.959,F*CK U SKRILLEX YOU THINK UR ANDY WARHOL BUT UR NOT!! <3,https://i.scdn.co/image/ab67616d0000b273ef32751589a91db8bb46fa26,https://open.spotify.com/track/2MX61zLIo9LohKn8cGTqY8
38,1,"0IzEFIuQ216h7pq4HKsqY4",SPITFIRE,"Skrillex, HAWAII SLIM",2025-04-04 11:42:59.657,F*CK U SKRILLEX YOU THINK UR ANDY WARHOL BUT UR NOT!! <3,https://i.scdn.co/image/ab67616d0000b273ef32751589a91db8bb46fa26,https://open.spotify.com/track/0IzEFIuQ216h7pq4HKsqY4
39,1,"3tkzHn6WVGdAGEet1J4VDt",SKRILLEX IS DEAD,"Skrillex, Dj Smokey",2025-04-04 11:41:30.058,F*CK U SKRILLEX YOU THINK UR ANDY WARHOL BUT UR NOT!! <3,https://i.scdn.co/image/ab67616d0000b273ef32751589a91db8bb46fa26,https://open.spotify.com/track/3tkzHn6WVGdAGEet1J4VDt
40,1,"7z7kvUQGwlC6iOl7vMuAr9",Dancing In The Flames,The Weeknd,2025-04-04 11:38:16.606,Dancing In The Flames,https://i.scdn.co/image/ab67616d0000b273f0e9b93cadbeb4d0227a59eb,https://open.spotify.com/track/7z7kvUQGwlC6iOl7vMuAr9
41,1,"0yuAWlxq59xT3agQ965OxE",Sunsetz,Cigarettes After Sex,2025-04-04 21:32:27.412,Cigarettes After Sex,https://i.scdn.co/image/ab67616d0000b273dfed999f959177dfc4f33cdc,https://open.spotify.com/track/0yuAWlxq59xT3agQ965OxE
42,1,"5FCMqNc9fodjQRIXbG7Ld1",i don't know you anymore,sombr,2025-04-04 21:28:52.212,i don't know you anymore,https://i.scdn.co/image/ab67616d0000b2735282e0f6d9ad9b0fbb070d59,https://open.spotify.com/track/5FCMqNc9fodjQRIXbG7Ld1
43,1,"3g7ngtg7xK3N9nKwAjDfH3",Falling In Love,Cigarettes After Sex,2025-04-04 21:25:03.906,Cry,https://i.scdn.co/image/ab67616d0000b2738324db1ae37be249aed887e7,https://open.spotify.com/track/3g7ngtg7xK3N9nKwAjDfH3
44,1,"5ZP8LfM7TezqoxF9yp6VzX",Stop Waiting,Cigarettes After Sex,2025-04-04 21:20:57.603,Bubblegum,https://i.scdn.co/image/ab67616d0000b273f00e7eae8e4ed688e17fc118,https://open.spotify.com/track/5ZP8LfM7TezqoxF9yp6VzX
45,1,"3xQgvGwf3KnaYry1bPsQIb",Silver Sable,Cigarettes After Sex,2025-04-04 21:14:31.807,X's,https://i.scdn.co/image/ab67616d0000b273967004d2f641e38309a0b547,https://open.spotify.com/track/3xQgvGwf3KnaYry1bPsQIb
46,1,"3hRV0jL3vUpRrcy398teAU",The Night We Met,Lord Huron,2025-04-04 21:10:39.397,Strange Trails,https://i.scdn.co/image/ab67616d0000b27317875a0610c23d8946454583,https://open.spotify.com/track/3hRV0jL3vUpRrcy398teAU
47,1,"4z6qtN4iZ7MPVZYCtiSgsM",Brutally,Suki Waterhouse,2025-04-04 21:07:10.692,Brutally,https://i.scdn.co/image/ab67616d0000b27349355ed46f99fa1eb339ec86,https://open.spotify.com/track/4z6qtN4iZ7MPVZYCtiSgsM
48,1,"1oAwsWBovWRIp7qLMGPIet",Apocalypse,Cigarettes After Sex,2025-04-04 21:03:42.096,Cigarettes After Sex,https://i.scdn.co/image/ab67616d0000b273dfed999f959177dfc4f33cdc,https://open.spotify.com/track/1oAwsWBovWRIp7qLMGPIet
49,1,"5E02BgqYNN9VzafXrYP6Np",Heavenly,Cigarettes After Sex,2025-04-04 20:58:49.691,Cry,https://i.scdn.co/image/ab67616d0000b2738324db1ae37be249aed887e7,https://open.spotify.com/track/5E02BgqYNN9VzafXrYP6Np
50,1,"5E02BgqYNN9VzafXrYP6Np",Heavenly,Cigarettes After Sex,2025-04-04 20:54:27.840,Cry,https://i.scdn.co/image/ab67616d0000b2738324db1ae37be249aed887e7,https://open.spotify.com/track/5E02BgqYNN9VzafXrYP6Np
51,1,"7fPSEiiNsZ5JybOoXLkaZN",My Mind,Suki Waterhouse,2025-04-04 20:53:33.334,I Can't Let Go,https://i.scdn.co/image/ab67616d0000b273499abd71f3d723ab3d3e0bfa,https://open.spotify.com/track/7fPSEiiNsZ5JybOoXLkaZN
52,1,"68Hj6boN4Yo2l7RZBnSpW0",Starry Eyes,Cigarettes After Sex,2025-04-04 20:50:20.318,I.,https://i.scdn.co/image/ab67616d0000b273f20d15ff288e94492f7097eb,https://open.spotify.com/track/68Hj6boN4Yo2l7RZBnSpW0
53,1,"1DZNsoWduUjm2o04R47rDk",Hot,Cigarettes After Sex,2025-04-04 20:46:53.804,X's,https://i.scdn.co/image/ab67616d0000b273967004d2f641e38309a0b547,https://open.spotify.com/track/1DZNsoWduUjm2o04R47rDk
54,1,"2xGjfbXZnI8uQDhukoQURQ",K.,Cigarettes After Sex,2025-04-04 20:42:55.808,Cigarettes After Sex,https://i.scdn.co/image/ab67616d0000b273dfed999f959177dfc4f33cdc,https://open.spotify.com/track/2xGjfbXZnI8uQDhukoQURQ
55,1,"5HNCy40Ni5BZJFw1TKzRsC",Comfortably Numb,Pink Floyd,2025-04-04 11:58:17.924,The Wall,https://i.scdn.co/image/ab67616d0000b2735d48e2f56d691f9a4e4b0bdf,https://open.spotify.com/track/5HNCy40Ni5BZJFw1TKzRsC
56,1,"09vTt6XBuGGTQlmL7Ehwi7",SLICKMAN,Skrillex,2025-04-04 11:45:10.757,F*CK U SKRILLEX YOU THINK UR ANDY WARHOL BUT UR NOT!! <3,https://i.scdn.co/image/ab67616d0000b273ef32751589a91db8bb46fa26,https://open.spotify.com/track/09vTt6XBuGGTQlmL7Ehwi7
57,1,"2MX61zLIo9LohKn8cGTqY8",WHILE YOU WERE SLEEPING VIP,"Skrillex, Virtual Riot, Nakeesha",2025-04-04 11:44:25.959,F*CK U SKRILLEX YOU THINK UR ANDY WARHOL BUT UR NOT!! <3,https://i.scdn.co/image/ab67616d0000b273ef32751589a91db8bb46fa26,https://open.spotify.com/track/2MX61zLIo9LohKn8cGTqY8
58,1,"0IzEFIuQ216h7pq4HKsqY4",SPITFIRE,"Skrillex, HAWAII SLIM",2025-04-04 11:42:59.657,F*CK U SKRILLEX YOU THINK UR ANDY WARHOL BUT UR NOT!! <3,https://i.scdn.co/image/ab67616d0000b273ef32751589a91db8bb46fa26,https://open.spotify.com/track/0IzEFIuQ216h7pq4HKsqY4
59,1,"3tkzHn6WVGdAGEet1J4VDt",SKRILLEX IS DEAD,"Skrillex, Dj Smokey",2025-04-04 11:41:30.058,F*CK U SKRILLEX YOU THINK UR ANDY WARHOL BUT UR NOT!! <3,https://i.scdn.co/image/ab67616d0000b273ef32751589a91db8bb46fa26,https://open.spotify.com/track/3tkzHn6WVGdAGEet1J4VDt
60,1,"7z7kvUQGwlC6iOl7vMuAr9",Dancing In The Flames,The Weeknd,2025-04-04 11:38:16.606,Dancing In The Flames,https://i.scdn.co/image/ab67616d0000b273f0e9b93cadbeb4d0227a59eb,https://open.spotify.com/track/7z7kvUQGwlC6iOl7vMuAr9
1,1,"1QAJqy2dA3ihHBFIHRphZj",Cigarettes After Sex,dream pop,86,https://i.scdn.co/image/ab6761610000e5eb0e871e0389b9722cc12a4118,https://open.spotify.com/artist/1QAJqy2dA3ihHBFIHRphZj
2,1,"1Xyo4u8uXC1ZmMpatF05PJ",The Weeknd,"",97,https://i.scdn.co/image/ab6761610000e5eb9e528993a2820267b97f6aae,https://open.spotify.com/artist/1Xyo4u8uXC1ZmMpatF05PJ
3,1,"246dkjvS1zLTtiykXe5h60",Post Malone,"",89,https://i.scdn.co/image/ab6761610000e5ebe17c0aa1714a03d62b5ce4e0,https://open.spotify.com/artist/246dkjvS1zLTtiykXe5h60
4,1,"4oLeXFyACqeem2VImYeBFe",Fred again..,"stutter house, house",77,https://i.scdn.co/image/ab6761610000e5eb04a3b69e7f2bf27020773d8c,https://open.spotify.com/artist/4oLeXFyACqeem2VImYeBFe
5,1,"2h93pZq0e7k5yf4dywlkpM",Frank Ocean,"",88,https://i.scdn.co/image/ab6761610000e5ebee3123e593174208f9754fab,https://open.spotify.com/artist/2h93pZq0e7k5yf4dywlkpM
6,1,"0k17h0D3J5VfsdmQ1iZtE9",Pink Floyd,"progressive rock, psychedelic rock, classic rock, symphonic rock, art rock, rock",81,https://i.scdn.co/image/e69f71e2be4b67b82af90fb8e9d805715e0684fa,https://open.spotify.com/artist/0k17h0D3J5VfsdmQ1iZtE9
7,1,"699OTQXzgjhIYAHMy9RyPD",Playboi Carti,rage rap,95,https://i.scdn.co/image/ab6761610000e5ebba50ca67ffc3097f6ea1710a,https://open.spotify.com/artist/699OTQXzgjhIYAHMy9RyPD
8,1,"0epOFNiUfyON9EYx7Tpr6V",The Strokes,"garage rock, indie rock, alternative rock",77,https://i.scdn.co/image/ab6761610000e5ebc3b137793230f4043feb0089,https://open.spotify.com/artist/0epOFNiUfyON9EYx7Tpr6V
9,1,"4Z8W4fKeB5YxbusRsdQVPb",Radiohead,"art rock, alternative rock",85,https://i.scdn.co/image/ab6761610000e5eba03696716c9ee605006047fd,https://open.spotify.com/artist/4Z8W4fKeB5YxbusRsdQVPb
10,1,"66CXWjxzNUsdJxJ2JdwvnR",Ariana Grande,pop,94,https://i.scdn.co/image/ab6761610000e5eb40b5c07ab77b6b1a9075fdc0,https://open.spotify.com/artist/66CXWjxzNUsdJxJ2JdwvnR
11,1,"4tZwfgrHOc3mvqYlEYSvVi",Daft Punk,"french house, electronic, electro",82,https://i.scdn.co/image/ab6761610000e5ebdc93bb227980211b325b9d70,https://open.spotify.com/artist/4tZwfgrHOc3mvqYlEYSvVi
12,1,"3mIj9lX2MWuHmhNCA7LSCW",The 1975,"",78,https://i.scdn.co/image/ab6761610000e5eb0c6e752cbb1e6d1416970f5a,https://open.spotify.com/artist/3mIj9lX2MWuHmhNCA7LSCW
13,1,"2YZyLoL8N0Wb9xBt1NhZWg",Kendrick Lamar,"hip hop, west coast hip hop",97,https://i.scdn.co/image/ab6761610000e5eb39ba6dcd4355c03de0b50918,https://open.spotify.com/artist/2YZyLoL8N0Wb9xBt1NhZWg
14,1,"5GGJosGMs08YEmKTZJe1fL",Suki Waterhouse,"",71,https://i.scdn.co/image/ab6761610000e5ebc2bb10016e2e142f397f780c,https://open.spotify.com/artist/5GGJosGMs08YEmKTZJe1fL
15,1,"5he5w2lnU9x7JFhnwcekXX",Skrillex,"dubstep, edm, electro, electronic",79,https://i.scdn.co/image/ab6761610000e5ebe32002317387b6d659308a94,https://open.spotify.com/artist/5he5w2lnU9x7JFhnwcekXX
16,1,"5INjqkS1o8h1imAzPqGZBb",Tame Impala,"indie, psychedelic pop",82,https://i.scdn.co/image/ab6761610000e5eb90357ef28b3a012a1d1b2fa2,https://open.spotify.com/artist/5INjqkS1o8h1imAzPqGZBb
17,1,"6M2wZ9GZgrQXHCFfjv46we",Dua Lipa,pop,89,https://i.scdn.co/image/ab6761610000e5eb0c68f6c95232e716f0abee8d,https://open.spotify.com/artist/6M2wZ9GZgrQXHCFfjv46we
18,1,"4V8LLVI7PbaPR0K2TGSxFF","Tyler, The Creator","",91,https://i.scdn.co/image/ab6761610000e5ebdfa2b0c7544a772042a12e52,https://open.spotify.com/artist/4V8LLVI7PbaPR0K2TGSxFF
19,1,"1RyvyyTE3xzB2ZywiAwp0i",Future,rap,93,https://i.scdn.co/image/ab6761610000e5eb7565b356bc9d9394eefa2ccb,https://open.spotify.com/artist/1RyvyyTE3xzB2ZywiAwp0i
20,1,"3TVXtAsR1Inumwj472S9r4",Drake,"rap, hip hop",98,https://i.scdn.co/image/ab6761610000e5eb4293385d324db8558179afd9,https://open.spotify.com/artist/3TVXtAsR1Inumwj472S9r4
21,1,"1QAJqy2dA3ihHBFIHRphZj",Cigarettes After Sex,dream pop,86,https://i.scdn.co/image/ab6761610000e5eb0e871e0389b9722cc12a4118,https://open.spotify.com/artist/1QAJqy2dA3ihHBFIHRphZj
22,1,"1Xyo4u8uXC1ZmMpatF05PJ",The Weeknd,"",97,https://i.scdn.co/image/ab6761610000e5eb9e528993a2820267b97f6aae,https://open.spotify.com/artist/1Xyo4u8uXC1ZmMpatF05PJ
23,1,"246dkjvS1zLTtiykXe5h60",Post Malone,"",89,https://i.scdn.co/image/ab6761610000e5ebe17c0aa1714a03d62b5ce4e0,https://open.spotify.com/artist/246dkjvS1zLTtiykXe5h60
24,1,"4oLeXFyACqeem2VImYeBFe",Fred again..,"stutter house, house",77,https://i.scdn.co/image/ab6761610000e5eb04a3b69e7f2bf27020773d8c,https://open.spotify.com/artist/4oLeXFyACqeem2VImYeBFe
25,1,"2h93pZq0e7k5yf4dywlkpM",Frank Ocean,"",88,https://i.scdn.co/image/ab6761610000e5ebee3123e593174208f9754fab,https://open.spotify.com/artist/2h93pZq0e7k5yf4dywlkpM
26,1,"0k17h0D3J5VfsdmQ1iZtE9",Pink Floyd,"progressive rock, psychedelic rock, classic rock, symphonic rock, art rock, rock",81,https://i.scdn.co/image/e69f71e2be4b67b82af90fb8e9d805715e0684fa,https://open.spotify.com/artist/0k17h0D3J5VfsdmQ1iZtE9
27,1,"699OTQXzgjhIYAHMy9RyPD",Playboi Carti,rage rap,95,https://i.scdn.co/image/ab6761610000e5ebba50ca67ffc3097f6ea1710a,https://open.spotify.com/artist/699OTQXzgjhIYAHMy9RyPD
28,1,"0epOFNiUfyON9EYx7Tpr6V",The Strokes,"garage rock, indie rock, alternative rock",77,https://i.scdn.co/image/ab6761610000e5ebc3b137793230f4043feb0089,https://open.spotify.com/artist/0epOFNiUfyON9EYx7Tpr6V
29,1,"4Z8W4fKeB5YxbusRsdQVPb",Radiohead,"art rock, alternative rock",85,https://i.scdn.co/image/ab6761610000e5eba03696716c9ee605006047fd,https://open.spotify.com/artist/4Z8W4fKeB5YxbusRsdQVPb
30,1,"66CXWjxzNUsdJxJ2JdwvnR",Ariana Grande,pop,94,https://i.scdn.co/image/ab6761610000e5eb40b5c07ab77b6b1a9075fdc0,https://open.spotify.com/artist/66CXWjxzNUsdJxJ2JdwvnR
31,1,"4tZwfgrHOc3mvqYlEYSvVi",Daft Punk,"french house, electronic, electro",82,https://i.scdn.co/image/ab6761610000e5ebdc93bb227980211b325b9d70,https://open.spotify.com/artist/4tZwfgrHOc3mvqYlEYSvVi
32,1,"3mIj9lX2MWuHmhNCA7LSCW",The 1975,"",78,https://i.scdn.co/image/ab6761610000e5eb0c6e752cbb1e6d1416970f5a,https://open.spotify.com/artist/3mIj9lX2MWuHmhNCA7LSCW
33,1,"2YZyLoL8N0Wb9xBt1NhZWg",Kendrick Lamar,"hip hop, west coast hip hop",97,https://i.scdn.co/image/ab6761610000e5eb39ba6dcd4355c03de0b50918,https://open.spotify.com/artist/2YZyLoL8N0Wb9xBt1NhZWg
34,1,"5GGJosGMs08YEmKTZJe1fL",Suki Waterhouse,"",71,https://i.scdn.co/image/ab6761610000e5ebc2bb10016e2e142f397f780c,https://open.spotify.com/artist/5GGJosGMs08YEmKTZJe1fL
35,1,"5he5w2lnU9x7JFhnwcekXX",Skrillex,"dubstep, edm, electro, electronic",79,https://i.scdn.co/image/ab6761610000e5eb61f92702ca14484aa263a931,https://open.spotify.com/artist/5he5w2lnU9x7JFhnwcekXX
36,1,"5INjqkS1o8h1imAzPqGZBb",Tame Impala,"indie, psychedelic pop",82,https://i.scdn.co/image/ab6761610000e5eb90357ef28b3a012a1d1b2fa2,https://open.spotify.com/artist/5INjqkS1o8h1imAzPqGZBb
37,1,"6M2wZ9GZgrQXHCFfjv46we",Dua Lipa,pop,89,https://i.scdn.co/image/ab6761610000e5eb0c68f6c95232e716f0abee8d,https://open.spotify.com/artist/6M2wZ9GZgrQXHCFfjv46we
38,1,"4V8LLVI7PbaPR0K2TGSxFF","Tyler, The Creator","",91,https://i.scdn.co/image/ab6761610000e5ebdfa2b0c7544a772042a12e52,https://open.spotify.com/artist/4V8LLVI7PbaPR0K2TGSxFF
39,1,"1RyvyyTE3xzB2ZywiAwp0i",Future,rap,93,https://i.scdn.co/image/ab6761610000e5eb7565b356bc9d9394eefa2ccb,https://open.spotify.com/artist/1RyvyyTE3xzB2ZywiAwp0i
40,1,"3TVXtAsR1Inumwj472S9r4",Drake,"rap, hip hop",98,https://i.scdn.co/image/ab6761610000e5eb4293385d324db8558179afd9,https://open.spotify.com/artist/3TVXtAsR1Inumwj472S9r4
41,1,"1QAJqy2dA3ihHBFIHRphZj",Cigarettes After Sex,dream pop,86,https://i.scdn.co/image/ab6761610000e5eb0e871e0389b9722cc12a4118,https://open.spotify.com/artist/1QAJqy2dA3ihHBFIHRphZj
42,1,"1Xyo4u8uXC1ZmMpatF05PJ",The Weeknd,"",97,https://i.scdn.co/image/ab6761610000e5eb9e528993a2820267b97f6aae,https://open.spotify.com/artist/1Xyo4u8uXC1ZmMpatF05PJ
43,1,"246dkjvS1zLTtiykXe5h60",Post Malone,"",89,https://i.scdn.co/image/ab6761610000e5ebe17c0aa1714a03d62b5ce4e0,https://open.spotify.com/artist/246dkjvS1zLTtiykXe5h60
44,1,"4oLeXFyACqeem2VImYeBFe",Fred again..,"stutter house, house",77,https://i.scdn.co/image/ab6761610000e5eb04a3b69e7f2bf27020773d8c,https://open.spotify.com/artist/4oLeXFyACqeem2VImYeBFe
45,1,"2h93pZq0e7k5yf4dywlkpM",Frank Ocean,"",88,https://i.scdn.co/image/ab6761610000e5ebee3123e593174208f9754fab,https://open.spotify.com/artist/2h93pZq0e7k5yf4dywlkpM
46,1,"0k17h0D3J5VfsdmQ1iZtE9",Pink Floyd,"progressive rock, psychedelic rock, classic rock, symphonic rock, art rock, rock",81,https://i.scdn.co/image/e69f71e2be4b67b82af90fb8e9d805715e0684fa,https://open.spotify.com/artist/0k17h0D3J5VfsdmQ1iZtE9
47,1,"699OTQXzgjhIYAHMy9RyPD",Playboi Carti,rage rap,95,https://i.scdn.co/image/ab6761610000e5ebba50ca67ffc3097f6ea1710a,https://open.spotify.com/artist/699OTQXzgjhIYAHMy9RyPD
48,1,"0epOFNiUfyON9EYx7Tpr6V",The Strokes,"garage rock, indie rock, alternative rock",77,https://i.scdn.co/image/ab6761610000e5ebc3b137793230f4043feb0089,https://open.spotify.com/artist/0epOFNiUfyON9EYx7Tpr6V
49,1,"4Z8W4fKeB5YxbusRsdQVPb",Radiohead,"art rock, alternative rock",85,https://i.scdn.co/image/ab6761610000e5eba03696716c9ee605006047fd,https://open.spotify.com/artist/4Z8W4fKeB5YxbusRsdQVPb
50,1,"66CXWjxzNUsdJxJ2JdwvnR",Ariana Grande,pop,94,https://i.scdn.co/image/ab6761610000e5eb6725802588d7dc1aba076ca5,https://open.spotify.com/artist/66CXWjxzNUsdJxJ2JdwvnR
51,1,"4tZwfgrHOc3mvqYlEYSvVi",Daft Punk,"french house, electronic, electro",82,https://i.scdn.co/image/ab6761610000e5eba7bfd7835b5c1eee0c95fa6e,https://open.spotify.com/artist/4tZwfgrHOc3mvqYlEYSvVi
52,1,"3mIj9lX2MWuHmhNCA7LSCW",The 1975,"",78,https://i.scdn.co/image/ab6761610000e5eb0c6e752cbb1e6d1416970f5a,https://open.spotify.com/artist/3mIj9lX2MWuHmhNCA7LSCW
53,1,"2YZyLoL8N0Wb9xBt1NhZWg",Kendrick Lamar,"hip hop, west coast hip hop",97,https://i.scdn.co/image/ab6761610000e5eb39ba6dcd4355c03de0b50918,https://open.spotify.com/artist/2YZyLoL8N0Wb9xBt1NhZWg
54,1,"5GGJosGMs08YEmKTZJe1fL",Suki Waterhouse,"",71,https://i.scdn.co/image/ab6761610000e5ebc2bb10016e2e142f397f780c,https://open.spotify.com/artist/5GGJosGMs08YEmKTZJe1fL
55,1,"5he5w2lnU9x7JFhnwcekXX",Skrillex,"dubstep, edm, electro, electronic",79,https://i.scdn.co/image/ab6761610000e5ebe32002317387b6d659308a94,https://open.spotify.com/artist/5he5w2lnU9x7JFhnwcekXX
56,1,"5INjqkS1o8h1imAzPqGZBb",Tame Impala,"indie, psychedelic pop",82,https://i.scdn.co/image/ab6761610000e5eb90357ef28b3a012a1d1b2fa2,https://open.spotify.com/artist/5INjqkS1o8h1imAzPqGZBb
57,1,"6M2wZ9GZgrQXHCFfjv46we",Dua Lipa,pop,89,https://i.scdn.co/image/ab6761610000e5eb0c68f6c95232e716f0abee8d,https://open.spotify.com/artist/6M2wZ9GZgrQXHCFfjv46we
58,1,"4V8LLVI7PbaPR0K2TGSxFF","Tyler, The Creator","",91,https://i.scdn.co/image/ab6761610000e5ebdfa2b0c7544a772042a12e52,https://open.spotify.com/artist/4V8LLVI7PbaPR0K2TGSxFF
59,1,"1RyvyyTE3xzB2ZywiAwp0i",Future,rap,93,https://i.scdn.co/image/ab6761610000e5eb7565b356bc9d9394eefa2ccb,https://open.spotify.com/artist/1RyvyyTE3xzB2ZywiAwp0i
60,1,"3TVXtAsR1Inumwj472S9r4",Drake,"rap, hip hop",98,https://i.scdn.co/image/ab6761610000e5eb4293385d324db8558179afd9,https://open.spotify.com/artist/3TVXtAsR1Inumwj472S9r4
1,1,"5w9upngVRHNjdZcRC7Xxr2",Delilah (pull me out of this),"Fred again.., Delilah Montagu",Actual Life 3 (January 1 - September 9 2022),https://i.scdn.co/image/ab67616d0000b2737622b889949b07f15c6b57e2,https://open.spotify.com/track/5w9upngVRHNjdZcRC7Xxr2
2,1,"2xGjfbXZnI8uQDhukoQURQ",K.,Cigarettes After Sex,Cigarettes After Sex,https://i.scdn.co/image/ab67616d0000b273dfed999f959177dfc4f33cdc,https://open.spotify.com/track/2xGjfbXZnI8uQDhukoQURQ
3,1,"1BLOVHYYlH4JUHQGcpt75R",Ode To The Mets,The Strokes,The New Abnormal,https://i.scdn.co/image/ab67616d0000b273bfa99afb5ef0d26d5064b23b,https://open.spotify.com/track/1BLOVHYYlH4JUHQGcpt75R
4,1,"5ZP8LfM7TezqoxF9yp6VzX",Stop Waiting,Cigarettes After Sex,Bubblegum,https://i.scdn.co/image/ab67616d0000b273f00e7eae8e4ed688e17fc118,https://open.spotify.com/track/5ZP8LfM7TezqoxF9yp6VzX
5,1,"5TTGoX70AFrTvuEtqHK37S",No. 1 Party Anthem,Arctic Monkeys,AM,https://i.scdn.co/image/ab67616d0000b2734ae1c4c5c45aabe565499163,https://open.spotify.com/track/5TTGoX70AFrTvuEtqHK37S
6,1,"2LMkwUfqC6S6s6qDVlEuzV",White Ferrari,Frank Ocean,Blonde,https://i.scdn.co/image/ab67616d0000b273c5649add07ed3720be9d5526,https://open.spotify.com/track/2LMkwUfqC6S6s6qDVlEuzV
7,1,"5HNCy40Ni5BZJFw1TKzRsC",Comfortably Numb,Pink Floyd,The Wall,https://i.scdn.co/image/ab67616d0000b2735d48e2f56d691f9a4e4b0bdf,https://open.spotify.com/track/5HNCy40Ni5BZJFw1TKzRsC
8,1,"3xKsf9qdS1CyvXSMEid6g8",Pink + White,Frank Ocean,Blonde,https://i.scdn.co/image/ab67616d0000b273c5649add07ed3720be9d5526,https://open.spotify.com/track/3xKsf9qdS1CyvXSMEid6g8
9,1,"4sjTEUQidmfdKzJ5YclilU",Motion Picture Soundtrack,Cigarettes After Sex,Motion Picture Soundtrack,https://i.scdn.co/image/ab67616d0000b273c1193bd23ab3d5ba57385466,https://open.spotify.com/track/4sjTEUQidmfdKzJ5YclilU
10,1,"5hc71nKsUgtwQ3z52KEKQk",Somebody Else,The 1975,"I like it when you sleep, for you are so beautiful yet so unaware of it",https://i.scdn.co/image/ab67616d0000b273d3de03550f715df1ea7e0c08,https://open.spotify.com/track/5hc71nKsUgtwQ3z52KEKQk
11,1,"1oAwsWBovWRIp7qLMGPIet",Apocalypse,Cigarettes After Sex,Cigarettes After Sex,https://i.scdn.co/image/ab67616d0000b273dfed999f959177dfc4f33cdc,https://open.spotify.com/track/1oAwsWBovWRIp7qLMGPIet
12,1,"4S1VYqwfkLit9mKVY3MXoo",Forever Young,Alphaville,Forever Young,https://i.scdn.co/image/ab67616d0000b273b9c4979446c4d39bc08e9503,https://open.spotify.com/track/4S1VYqwfkLit9mKVY3MXoo
13,1,"3xQgvGwf3KnaYry1bPsQIb",Silver Sable,Cigarettes After Sex,X's,https://i.scdn.co/image/ab67616d0000b273967004d2f641e38309a0b547,https://open.spotify.com/track/3xQgvGwf3KnaYry1bPsQIb
14,1,"40riOy7x9W7GXjyGp4pjAv",Hotel California - 2013 Remaster,Eagles,Hotel California (2013 Remaster),https://i.scdn.co/image/ab67616d0000b2734637341b9f507521afa9a778,https://open.spotify.com/track/40riOy7x9W7GXjyGp4pjAv
15,1,"1Vk4yRsz0iBzDiZEoFMQyv",Mia & Sebastian’s Theme,Justin Hurwitz,La La Land (Original Motion Picture Soundtrack),https://i.scdn.co/image/ab67616d0000b2730bdf4dd39843ad48c5b66bc4,https://open.spotify.com/track/1Vk4yRsz0iBzDiZEoFMQyv
16,1,"0yuAWlxq59xT3agQ965OxE",Sunsetz,Cigarettes After Sex,Cigarettes After Sex,https://i.scdn.co/image/ab67616d0000b273dfed999f959177dfc4f33cdc,https://open.spotify.com/track/0yuAWlxq59xT3agQ965OxE
17,1,"4wjE62bHELzlZvE52cxMfL","Model, Actress, Whatever",Suki Waterhouse,Memoir of a Sparklemuffin,https://i.scdn.co/image/ab67616d0000b273a9b6153a531deea48b17b26b,https://open.spotify.com/track/4wjE62bHELzlZvE52cxMfL
18,1,"0O0bttAxJKKWqAqY2Nq4mC",Falling In Love,Cigarettes After Sex,Cry,https://i.scdn.co/image/ab67616d0000b273fd275af89cec73d6287f9cbf,https://open.spotify.com/track/0O0bttAxJKKWqAqY2Nq4mC
19,1,"2KhrPRV0V1FS2l4eQMJUWt",Sweet,Cigarettes After Sex,Cigarettes After Sex,https://i.scdn.co/image/ab67616d0000b273dfed999f959177dfc4f33cdc,https://open.spotify.com/track/2KhrPRV0V1FS2l4eQMJUWt
20,1,"3W7KHojYGgYaoX9ogKO9hU",Nothing's Gonna Hurt You Baby,Cigarettes After Sex,I.,https://i.scdn.co/image/ab67616d0000b273f20d15ff288e94492f7097eb,https://open.spotify.com/track/3W7KHojYGgYaoX9ogKO9hU
21,1,"5w9upngVRHNjdZcRC7Xxr2",Delilah (pull me out of this),"Fred again.., Delilah Montagu",Actual Life 3 (January 1 - September 9 2022),https://i.scdn.co/image/ab67616d0000b2737622b889949b07f15c6b57e2,https://open.spotify.com/track/5w9upngVRHNjdZcRC7Xxr2
22,1,"2xGjfbXZnI8uQDhukoQURQ",K.,Cigarettes After Sex,Cigarettes After Sex,https://i.scdn.co/image/ab67616d0000b273dfed999f959177dfc4f33cdc,https://open.spotify.com/track/2xGjfbXZnI8uQDhukoQURQ
23,1,"1BLOVHYYlH4JUHQGcpt75R",Ode To The Mets,The Strokes,The New Abnormal,https://i.scdn.co/image/ab67616d0000b273bfa99afb5ef0d26d5064b23b,https://open.spotify.com/track/1BLOVHYYlH4JUHQGcpt75R
24,1,"5ZP8LfM7TezqoxF9yp6VzX",Stop Waiting,Cigarettes After Sex,Bubblegum,https://i.scdn.co/image/ab67616d0000b273f00e7eae8e4ed688e17fc118,https://open.spotify.com/track/5ZP8LfM7TezqoxF9yp6VzX
25,1,"5TTGoX70AFrTvuEtqHK37S",No. 1 Party Anthem,Arctic Monkeys,AM,https://i.scdn.co/image/ab67616d0000b2734ae1c4c5c45aabe565499163,https://open.spotify.com/track/5TTGoX70AFrTvuEtqHK37S
26,1,"2LMkwUfqC6S6s6qDVlEuzV",White Ferrari,Frank Ocean,Blonde,https://i.scdn.co/image/ab67616d0000b273c5649add07ed3720be9d5526,https://open.spotify.com/track/2LMkwUfqC6S6s6qDVlEuzV
27,1,"5HNCy40Ni5BZJFw1TKzRsC",Comfortably Numb,Pink Floyd,The Wall,https://i.scdn.co/image/ab67616d0000b2735d48e2f56d691f9a4e4b0bdf,https://open.spotify.com/track/5HNCy40Ni5BZJFw1TKzRsC
28,1,"3xKsf9qdS1CyvXSMEid6g8",Pink + White,Frank Ocean,Blonde,https://i.scdn.co/image/ab67616d0000b273c5649add07ed3720be9d5526,https://open.spotify.com/track/3xKsf9qdS1CyvXSMEid6g8
29,1,"4sjTEUQidmfdKzJ5YclilU",Motion Picture Soundtrack,Cigarettes After Sex,Motion Picture Soundtrack,https://i.scdn.co/image/ab67616d0000b273c1193bd23ab3d5ba57385466,https://open.spotify.com/track/4sjTEUQidmfdKzJ5YclilU
30,1,"5hc71nKsUgtwQ3z52KEKQk",Somebody Else,The 1975,"I like it when you sleep, for you are so beautiful yet so unaware of it",https://i.scdn.co/image/ab67616d0000b273d3de03550f715df1ea7e0c08,https://open.spotify.com/track/5hc71nKsUgtwQ3z52KEKQk
31,1,"1oAwsWBovWRIp7qLMGPIet",Apocalypse,Cigarettes After Sex,Cigarettes After Sex,https://i.scdn.co/image/ab67616d0000b273dfed999f959177dfc4f33cdc,https://open.spotify.com/track/1oAwsWBovWRIp7qLMGPIet
32,1,"4S1VYqwfkLit9mKVY3MXoo",Forever Young,Alphaville,Forever Young,https://i.scdn.co/image/ab67616d0000b273b9c4979446c4d39bc08e9503,https://open.spotify.com/track/4S1VYqwfkLit9mKVY3MXoo
33,1,"3xQgvGwf3KnaYry1bPsQIb",Silver Sable,Cigarettes After Sex,X's,https://i.scdn.co/image/ab67616d0000b273967004d2f641e38309a0b547,https://open.spotify.com/track/3xQgvGwf3KnaYry1bPsQIb
34,1,"40riOy7x9W7GXjyGp4pjAv",Hotel California - 2013 Remaster,Eagles,Hotel California (2013 Remaster),https://i.scdn.co/image/ab67616d0000b2734637341b9f507521afa9a778,https://open.spotify.com/track/40riOy7x9W7GXjyGp4pjAv
35,1,"1Vk4yRsz0iBzDiZEoFMQyv",Mia & Sebastian’s Theme,Justin Hurwitz,La La Land (Original Motion Picture Soundtrack),https://i.scdn.co/image/ab67616d0000b2730bdf4dd39843ad48c5b66bc4,https://open.spotify.com/track/1Vk4yRsz0iBzDiZEoFMQyv
36,1,"0yuAWlxq59xT3agQ965OxE",Sunsetz,Cigarettes After Sex,Cigarettes After Sex,https://i.scdn.co/image/ab67616d0000b273dfed999f959177dfc4f33cdc,https://open.spotify.com/track/0yuAWlxq59xT3agQ965OxE
37,1,"4wjE62bHELzlZvE52cxMfL","Model, Actress, Whatever",Suki Waterhouse,Memoir of a Sparklemuffin,https://i.scdn.co/image/ab67616d0000b273a9b6153a531deea48b17b26b,https://open.spotify.com/track/4wjE62bHELzlZvE52cxMfL
38,1,"0O0bttAxJKKWqAqY2Nq4mC",Falling In Love,Cigarettes After Sex,Cry,https://i.scdn.co/image/ab67616d0000b273fd275af89cec73d6287f9cbf,https://open.spotify.com/track/0O0bttAxJKKWqAqY2Nq4mC
39,1,"2KhrPRV0V1FS2l4eQMJUWt",Sweet,Cigarettes After Sex,Cigarettes After Sex,https://i.scdn.co/image/ab67616d0000b273dfed999f959177dfc4f33cdc,https://open.spotify.com/track/2KhrPRV0V1FS2l4eQMJUWt
40,1,"3W7KHojYGgYaoX9ogKO9hU",Nothing's Gonna Hurt You Baby,Cigarettes After Sex,I.,https://i.scdn.co/image/ab67616d0000b273f20d15ff288e94492f7097eb,https://open.spotify.com/track/3W7KHojYGgYaoX9ogKO9hU
41,1,"5w9upngVRHNjdZcRC7Xxr2",Delilah (pull me out of this),"Fred again.., Delilah Montagu",Actual Life 3 (January 1 - September 9 2022),https://i.scdn.co/image/ab67616d0000b2737622b889949b07f15c6b57e2,https://open.spotify.com/track/5w9upngVRHNjdZcRC7Xxr2
42,1,"2xGjfbXZnI8uQDhukoQURQ",K.,Cigarettes After Sex,Cigarettes After Sex,https://i.scdn.co/image/ab67616d0000b273dfed999f959177dfc4f33cdc,https://open.spotify.com/track/2xGjfbXZnI8uQDhukoQURQ
43,1,"1BLOVHYYlH4JUHQGcpt75R",Ode To The Mets,The Strokes,The New Abnormal,https://i.scdn.co/image/ab67616d0000b273bfa99afb5ef0d26d5064b23b,https://open.spotify.com/track/1BLOVHYYlH4JUHQGcpt75R
44,1,"5ZP8LfM7TezqoxF9yp6VzX",Stop Waiting,Cigarettes After Sex,Bubblegum,https://i.scdn.co/image/ab67616d0000b273f00e7eae8e4ed688e17fc118,https://open.spotify.com/track/5ZP8LfM7TezqoxF9yp6VzX
45,1,"5TTGoX70AFrTvuEtqHK37S",No. 1 Party Anthem,Arctic Monkeys,AM,https://i.scdn.co/image/ab67616d0000b2734ae1c4c5c45aabe565499163,https://open.spotify.com/track/5TTGoX70AFrTvuEtqHK37S
46,1,"2LMkwUfqC6S6s6qDVlEuzV",White Ferrari,Frank Ocean,Blonde,https://i.scdn.co/image/ab67616d0000b273c5649add07ed3720be9d5526,https://open.spotify.com/track/2LMkwUfqC6S6s6qDVlEuzV
47,1,"5HNCy40Ni5BZJFw1TKzRsC",Comfortably Numb,Pink Floyd,The Wall,https://i.scdn.co/image/ab67616d0000b2735d48e2f56d691f9a4e4b0bdf,https://open.spotify.com/track/5HNCy40Ni5BZJFw1TKzRsC
48,1,"3xKsf9qdS1CyvXSMEid6g8",Pink + White,Frank Ocean,Blonde,https://i.scdn.co/image/ab67616d0000b273c5649add07ed3720be9d5526,https://open.spotify.com/track/3xKsf9qdS1CyvXSMEid6g8
49,1,"4sjTEUQidmfdKzJ5YclilU",Motion Picture Soundtrack,Cigarettes After Sex,Motion Picture Soundtrack,https://i.scdn.co/image/ab67616d0000b273c1193bd23ab3d5ba57385466,https://open.spotify.com/track/4sjTEUQidmfdKzJ5YclilU
50,1,"5hc71nKsUgtwQ3z52KEKQk",Somebody Else,The 1975,"I like it when you sleep, for you are so beautiful yet so unaware of it",https://i.scdn.co/image/ab67616d0000b273d3de03550f715df1ea7e0c08,https://open.spotify.com/track/5hc71nKsUgtwQ3z52KEKQk
51,1,"1oAwsWBovWRIp7qLMGPIet",Apocalypse,Cigarettes After Sex,Cigarettes After Sex,https://i.scdn.co/image/ab67616d0000b273dfed999f959177dfc4f33cdc,https://open.spotify.com/track/1oAwsWBovWRIp7qLMGPIet
52,1,"4S1VYqwfkLit9mKVY3MXoo",Forever Young,Alphaville,Forever Young,https://i.scdn.co/image/ab67616d0000b273b9c4979446c4d39bc08e9503,https://open.spotify.com/track/4S1VYqwfkLit9mKVY3MXoo
53,1,"3xQgvGwf3KnaYry1bPsQIb",Silver Sable,Cigarettes After Sex,X's,https://i.scdn.co/image/ab67616d0000b273967004d2f641e38309a0b547,https://open.spotify.com/track/3xQgvGwf3KnaYry1bPsQIb
54,1,"40riOy7x9W7GXjyGp4pjAv",Hotel California - 2013 Remaster,Eagles,Hotel California (2013 Remaster),https://i.scdn.co/image/ab67616d0000b2734637341b9f507521afa9a778,https://open.spotify.com/track/40riOy7x9W7GXjyGp4pjAv
55,1,"1Vk4yRsz0iBzDiZEoFMQyv",Mia & Sebastian’s Theme,Justin Hurwitz,La La Land (Original Motion Picture Soundtrack),https://i.scdn.co/image/ab67616d0000b2730bdf4dd39843ad48c5b66bc4,https://open.spotify.com/track/1Vk4yRsz0iBzDiZEoFMQyv
56,1,"0yuAWlxq59xT3agQ965OxE",Sunsetz,Cigarettes After Sex,Cigarettes After Sex,https://i.scdn.co/image/ab67616d0000b273dfed999f959177dfc4f33cdc,https://open.spotify.com/track/0yuAWlxq59xT3agQ965OxE
57,1,"4wjE62bHELzlZvE52cxMfL","Model, Actress, Whatever",Suki Waterhouse,Memoir of a Sparklemuffin,https://i.scdn.co/image/ab67616d0000b273a9b6153a531deea48b17b26b,https://open.spotify.com/track/4wjE62bHELzlZvE52cxMfL
58,1,"0O0bttAxJKKWqAqY2Nq4mC",Falling In Love,Cigarettes After Sex,Cry,https://i.scdn.co/image/ab67616d0000b273fd275af89cec73d6287f9cbf,https://open.spotify.com/track/0O0bttAxJKKWqAqY2Nq4mC
59,1,"2KhrPRV0V1FS2l4eQMJUWt",Sweet,Cigarettes After Sex,Cigarettes After Sex,https://i.scdn.co/image/ab67616d0000b273dfed999f959177dfc4f33cdc,https://open.spotify.com/track/2KhrPRV0V1FS2l4eQMJUWt
60,1,"3W7KHojYGgYaoX9ogKO9hU",Nothing's Gonna Hurt You Baby,Cigarettes After Sex,I.,https://i.scdn.co/image/ab67616d0000b273f20d15ff288e94492f7097eb,https://open.spotify.com/track/3W7KHojYGgYaoX9ogKO9hU
1,BQDSFhRegG_Y0fDLGhiU7NszebKVQ-_X9wFHIAyk4cy9rpkTnf1t-iCdYRDq2d8UCRNXvwni4hG_UsRgfqSV6nu9DbwywYqfFikXQS0mw-XKBJU_AeIcLsrObmqT7y8wBEd-sSsg7fP-gsuh9Fq7flXyswxea02Bnq1UQkxnze5t59DANLuyX8Ni9mRaTuFShfzhoKXQAahuUXblldCpLGIadBDupNpJ514B7FXbk9lTu_k1Ks0_lloUjg,AQD5IA1IpCyss9MRT3FHuzyz8AgdrgKDkG6AyLDgY7hBQCgtjVuMwcr-97onpv23tJqldVlQNyfmGAamEVvleZNSSFf_oWSUrI8wMuWaoBoZ7Dxud4DmprZT5W8KxolQzhw,3600,2025-04-02 19:15:31.249759
2,BQDsUvYI-JEj-LjPLPWgLJc2CstXaAG1v9Rdu1fEUYEJO561IXbIoLiJalkFLN9tLJn1etLahoZ15AhWWr8bDBJ-nKN9sEWCnPS6i6dretILJwppSlJ-DPfyuSQ9AKEc9PNOcNwKDeqnIUlMza33x6QFqulVIr5hY7OoJPh6Ffh-WJbvshgncF3SF847g0d6h_Bv2V7dZs-1qBVgvuuCWrd0ZJsy6g1OM62TMgP419gCeUfTaQ7GgJNjgQ,AQBvMxLwFuIeWusJ8j_jVBJCzoNbb6rpAK1tYlSMvvdVex1dQO846_QG4BtIuYJTubGUbv_yYUYTScldyDCN7OgeeGJTEK8Fenn_r7-arIQtIJJKRj4pRysi2GJLQ-jO0Lg,3600,2025-04-05 06:33:05.76703
3,BQC0b2Ds7v9OvfM0h1mJvvr2hJO8i2CpcWyd-lQMKE_klXklOXSYKpAdd8TOTLvZQ18htM37we6vezkyPxvv5Da4OEqaXVEwC-bio4MVzegFJKboGqncahH2dgE0-Qm87eVCeIKfSW_WU3fiK1nbBooKO7jBLByLajoI_GHPuGvRTN9ssP3DfThShiEIfsgTKQ1AF4flbdv2ECck1_6V-VVlytYHgc_dvRFj2gEXYnM8Lr_2uOHlD8jtfQ,AQAiaWVVztJeTXUS6dezVbO_dfl68uLVvSkkUizJeI7vecmj5HjhtzG9O6cDiX7VPLDO5DHP1CZ47FHHamR9QAvLSg2g_lJCKcK94O4Gt7IRbUFQA4y4N6mTqlhNatUgQFk,3600,2025-04-05 06:43:13.531131
4,BQAYBgCGgv4T9tZ10l_PoI1Jfu2YibAlPWQTXPMaWvEPlR6-RcvDvnGX2CgMHrbkueZUNbgSHlusfDmvTaDjDaN67z1sdftIBtZ3XN5CBPmPe7Ca5T8khf-Wg05cskO4NCuuUmsdsR6VsXJ98B1nksQv5wPudTBZ-lweOsYzIMEi_6Z4ljojE76KtFqpdPI26A0m2YC9n36c_nENWVlgEyCn_4lUd0_89pUUD4fRim218L7Hslto8VirGQ,AQCl3HJ0aMETOGQJKWT6-KqPMGEf2MZlzlN51pvlTRgY3KjJag9cooNdphCkZsuyK2nsW5IeqsP-Pyae-jerTYbE9xKCc7D5nAgPJ_FqZnfjuzqyeEiHMK-aqyAqRLpk4ok,3600,2025-04-05 06:43:17.249718
5,BQAAfFbGK_t_OiEamQyowTIq3dY8UZluWiWowaNQc22boX2zMlVrnEkbOdcXJfQiZWZBxkCbcJRENYEE9QErM2610I-zFwAblaFJdV63zz5cQkWdB1l0ZDZVLQvWE3RWFrmZZ-S8d_DZzdWhoNX-4eolOS0GBOnyxyw3527-G_gCiDZw1kmsPP6EqFkvCVRh9rJY38OJ3YSz3hLvVkL5ckRajueQbiLhe7gOcm2ZDkR-r5y1JueOlQSLQg,AQAt9JFYXBMVx73mX7LKheuW2Rmci8g9-1CzQc1G1HLlHMCX9OVMXvZEA_JYNF71ABnmv27yfyHQlxMZlsbB_2-AtXpeiuj9WkJul3HmpINdLk7XOS9NOtG61yXUuOZ8sLo,3600,2025-04-05 06:43:19.333367
6,BQDZunPw--q6ptGiE_hcUuiR15YXMR45UbIzKn3Qnx0U1SmZeolMdyLLf_gYWRgTW4MgwrXdVQ56r-8Vbp4atr4MuQibn5JqOGgJEYHdVD-PhAovsbqAsfW74iy6zFi4qn-KMbKeQW4Z6Zy7JzCHl_LkXYpLeKDJbxyTU8Eq65ll5A3fqZUwGBTu-x8_lkDu2lzMax56JgRCITHvpmoPeF1uNiSy_-LMcJQDSJEeeHSfBz23mgAkYqtuAA,AQAuTukGMBKVsJ84H0KfWHn1KOZzu1mStM48XvlaxNRHO4l0eMvzIz1jlSEZoOtZsb0at-a4Je1POEVG6AGFVOpHovNtfbqvyfM7gLbV6-pMecjK-OsDOZo4Ypcff3OkNyw,3600,2025-04-05 06:43:21.227371
7,BQAYy7QxtyHRreHm9n3WM47GwEqg6acXczHYrMAS9m7o-eBD8HuC0ULmNE3Uguo9gSZc_NPQzPW3kbJv4nZbR63OiSeJu1oRGQeU0x2i3vPwQrHs6X5R2CFNuzudv5ocey8_2n-N2hJc_vaW58w1uTx3Ku2PvU1ZxBzrzeGyzDEEiUq8GUkgIIdvwN7hZvTUfOnYW1K-zeMvpgHEAt9rD2oMT1Q0qih4z7jksMiqq-7mgqr9oqKXSvpshg,AQBldamcQWJADMoXGhOJpRoDHsBIH77HOAtSm8Q-jiXzQapqEuzVG3sTkUOlPPRrPjw6vll9uyRlEzKfKCq6_BKa9eVDCgOJF2cULLMN7Mp5_go1j059tjghr7lDrTqT_bU,3600,2025-04-05 06:43:41.668991
8,BQBYCz2LUfkT_mLWWmfGoWlBxTv2gdFH0xOwl24oUENBiPqUPEyy-6QXG0s6CIl8R9bmyicZwGu7mqNE3Mrw-gbqSL9g6FcP5vqq2A2s1NGJljYTBX512jpmCAUbRVzVoJvXp02iVRLRQqHz40LPC4kTgoa-zMjFT6zx9crxDUA_G5hF4nEy4r4Dci34fmqHNo1D4aMeNzoETyXtUo-ASde2atIz_pncZ6Ed0qm64DgPEnNb26JTsQJM3g,AQDmiGFHYmVhVPAxDhXcjo8Q54TbHKYVDnatl083M1VqqvB4l_B8XX-Y5Y1nlptunLVI80GcaAPO2IPSOY42oIv0hrbRLEMq55HpENhodl2n6PuPUBUxcKVRK5E9SdowXmQ,3600,2025-04-05 06:46:57.465418
9,BQDzD4I9EnrzU5uUWRbWO6aKe83JgdLAurlbl37-IO0s84yAdj4p0QHkajQim3TasbzFsUnWJ4LTY08X7oEaK2_kK7QQKzz__oon_WIqJossMn7BVgPE39CFFiR2TMVsmEKClGwkgZAHNkCvreuk7Q2lQI28tdu7HeVsxDcHHZFG6HV1ghCaMdy-1u8iEZhRwG8fLPiK0e-j6s8Rrb23t-MjqbvPvkAKOrj_j9tJzZRHXq_vh0as_IQQag,AQAEihdCYBHN92f4F9tpwAn113HoQbCVqEhsgpeWsjr7thNYxUUtR8w236i16AATghdoQWcGmNGKknS-6KHqbRhNwYa8CjT9LUoPL223N2u-dNXmykwekIhV3Z9vLp0OiT0,3600,2025-04-05 06:47:01.244087
10,BQDkLhqSqQ_bVRfVWBzMCq0oQJc75-nsdgA1JZ9I7ILdOh_S3kotVI2ILzdX4E_CF-Avt5LCOKj8jd5bR4m0c3sCZGLvwPXMTs8OfE0dOiF35Kwr2tget91EzFjUpRumYskJ10Dt6WKFxJgdThuAug3BjibzddtEsKvCBTdX6lV41uanAWdbPnPGMM0u_2A3Gjo5k1TYMzJ_9UnxKKvj7LjJx26aULUKSnyGMKJv3ZQnZDgDC5GI4aCTFw,AQAyRvDLKFd4ECQN8FAoBBDsj0rc9cLcLHXB3T_cSihnLdfH4skEAGtLf26aD2CwMu5oi3mXEVk36AlFk9yg9YNGWJ19VidAGrkfegL-M3JqJL0KaTkuAnhXWh4-s2rtWvI,3600,2025-04-05 06:48:04.70813
11,BQC0B8e-AR39gtupM2TJWk_Yzt9A_K7IEkij0inK8DA91oBI07gn86T6aImQWnR30FO4ujjgE7tO1xdJ1RZZWuR-u5Ief7fFSOeJ_0WjICmrJgMtS_OF1b029-zeQYquyljHQQ8yn_BY9pO4nwt8xb30WjGaopAX5J_8LHG8faREnX6y-Y6hqc3wMxwuYTeQOcnYJHuNRlhSU5WLcNmKqj3mZlsB33EfITGMWlGano-6PYyxQqHuFj1ppA,AQCHwsZP1ZdJB1-21S5i6FAYhT_CqhofixyrrvsY6DKbSKMsxeuM0ocbedzlctDpmDm9AsADn5XJFej1coFm6OoYOHTha4ZRTU5L7hZgRCFXGKFIFYmbTrW4i-q6kxPeIu8,3600,2025-04-05 06:48:08.586236
12,BQBxtWJiAmKNIBqx_cEkcRV9SBxDmiltNx_BFMUpkpdjC6XpnlTo6tuTbc9NC4vq3WSTPkG7aMrhLBz-UFF1XZid9Wy7gN7zGSb5Cxm6h01C5_W_E5S_qnzNc9oHs_JpubeXkHBCXuFLKOaL0HZoP0ud5sRcrvpaq-OcpFR9N_zXJrKxOhEXLZjbGKUYTx7ocgOfA2PrRQ_zJtJxcQogHNOG9-aM3-rW44OshD0lSjqSxkt4h-W1R9gNgw,AQA9yYnWcuLb8PPEjv9uphIiR_G-bC9e0BpVv4au32WMXzaOycgMgqnuWZYDwz4oEBHTvwhiJqv8tKU6ib01jwZDHXA38kjPFkNPXA-FsPXk4xtLaFNEJl--D6wVD2p3nl4,3600,2025-04-05 06:51:50.621092
13,BQAxIaiEtnbJruAadn3v7zT3SJGXzpiWkmTalVD3YREguGnVs4X7mwU8oDE1ooqTWbYUgw4JHf2Za_kbNowvOcM9H3CAvmDYJwWl-V-WK5dWeSYaEPOhp12ief0DsltHr2IU4NVP58nL3jaGahIYsvByOT8qqrFqA7Y-JcjVJwTrKAs9vQdzbdNF-joOEJgTTLrupSNAE0nqrAdMocqToQ8KQ0GtY61H64Hyiyso1YkXmGgd0V73I5hpZg,AQAm-jRaQ4DFpTMtpnrgjbDOq6HTpdHTtmENAghfDkolqArN7OTjZEsfUPW-2ZNpRQyzR8rOfRPDsdT-TM-RSpux-8NF9BMNOn3PsbL3MuQzufBLGK1KBVA5XJcrn7ZFoFk,3600,2025-04-05 06:52:09.157888
14,BQDqkedpY4FLIXkclSzd_ctw7ruWVvNCCmB28jfhaqxFwjse3Dqp1R7PCF4uv7ST2b485iUiNG6A_PQU-RHashqAJK4eaGeXfSFXxYN7uhFKSeGNfhXjtT-A765D6z8PRzJ2Wt8bdcUwPKacjAhsM-2WNAwrooyTwi6V8xxGY8yoHX413re5IaY30ZcP8ncKCQoS7OlCrUeDmxAbHIgbxOdRzQmWZ_kKUpsDtb-kFw9pxV1FfuawzojHlw,AQCDMHpb-iDVN_o8qN9sxv-hcRDrqO2KLOpiS_tATRfcvu0w7FtQQULGedDLSXSbr8YkQffhIyRMprx6IbrK9BdwrQSVnOXUdBcvDur2DJRnylPDAIaUFjyPUVeeRs8xkRI,3600,2025-04-05 06:56:14.459624
15,BQCTAUsGUmhFRk7g_oDWoCru20aErmtR2H5E5Z-01z4kbC15nY4TxcZj4DG9BNUc7j5WOpef5LQIa5mMEh4ucCGWflMHxYcuVIcJGJzXBxR0HeJt895DS8p1Gzmp4e-7q17-yeuSwD_5xv3ZK8WbNyFRHhytGnVn5bzh6YODGgX5HC0ZcRP1PMQYqypYxmFUD8vD5-PHgTL_URnLnqtkEkD5xnm0JyT9o9F-0ScJFXZ-cpLmFl-a7Y0G9w,AQBZFslNhOd-5HdcDKwL0Zkb0ea4YRU2EpPRungmg1siEo7tv4_sR3vng45SDTukpFKRrxf1ZiaEny8BWSAN3LQEt8_OIlRXYi4Un0bm-kVmk7OHWyA-fBmXIQqvFBe24tg,3600,2025-04-05 07:00:17.305409
16,BQD2qztBVdCu1foGTm8mpFa1GcU1o4KIO8e3J7S_lGgT1bYv7azpcaCPa0JWbnX6UI3wyKchFmsqQ7FPRbuzoBmjchdZ34UzTmxV-eK1juGY_K47DKuE-nmDcItL90y9rxwtXoJfOYHXV9QnazikRjnnP1im6_lkUE3h8HiYR9uyjg9_EhBAVFJiPUpoh6RDWHqa0LPVZg_zS3_SxkKeP8XLWZxK8eMYy3K1F4Y7RQRoPq0Z69Z5_deeJw,AQDKrSRTpFFDzSHXVWrdOXR85Qpwt2fUTBhHlThxyxi3L7Opo1UccthRGMMQslVVMtQDIZPEtmtDlUIeE_GdlhN5FHVKvEwwNVYPldiaeI3tfL2CTT0y9Z2dj0t2sfg6Z1Q,3600,2025-04-05 07:03:19.311166
17,BQCJmzTtfu7Jxc2pfQZhPePZCOfKragzYwf8-09P-RMm1DqlpRUI-g3zhuPSFwR02Gw4e8vPlnv2pdLRdt0VEKEMHe0q_oS-8TIHO-ozGIt2Ky4aajJ_xuFjf2Zh-ULnNQfeHwVujQCfoPJ5_51tgnItsnZEp_o73PMdL19BfbE0ps__9agt820GrhuLwXCaGg3uuL97mV3yWdxyCLjf8RboEMQfU1B6Fn0-sl-ae-atJyGNQgQy4R_5Zw,AQD-rTyKnG7CbhEz5nJRi42TrkpNgjJCU-InLzsKCeFR7C1uuD26STPRuzbGqHVy1YyvMh9ZSRweu69B2Y1bXopKOCCYGoS5xM60zchfasJTyGupu9SXBZycu2t9BTOvIzo,3600,2025-04-05 07:04:29.853031
18,BQBN5D87SE9MLTsnXsFzRmluHzMF781bj-oMulLmo_rLMHgJsWad-apNSl2F2a1lpaQjFp7A32aIpuJljoA4ulq1EZskipJ_QdsAgtBohDJWc66y4bJOdyg-mLJhLvzOBAnhvCwVCZRWvMK6MpKqocu2mQ95rt9caS0pnsbbTZKDE53zOGR86X9wKWBp5J4D8cU47ECU8h7Crr12nnGvqsPB7B6DjA3BWENvDlfblN4-kmW_IjJ-0m-TPw,AQBXHjNkRwJ6ZY2YBbkV-LUbePWpLhUZkEt3P0LjnSFTcy5yzruoOvGyFMQMSoFECm1IM_ytr0E7G962KzIR4lfpD9LkBRPhcaqeK0J0fPeEzRwJLhWgf4XLYZCUj4sfBe0,3600,2025-04-05 07:05:06.469329
19,BQAN4Z-Adm9z1w89WsBa_pjbXgCIGkhjs19dBXcbcweuhddFxRREgUNQNQlocIJa9FrZKXQuvWqvT2PXz-yKMwYHngg7RdzMdFnBBSkG_vjW0lYhYTbFA606b4QIEhcRlDO26k-QISJ79pfaPbvTuro7dP4XkBJHPEd5RXK4Qr81uqLVM6E-DQoCeNaLYC6yQKgMqbU4EaeYzBZXpjZ-97UsWfiidfS4dt45MGEsArEsvdXqmZOY7feiaQ,AQBQoqm_urvnUa53Qw07mZLrMkiHKZZpwhbhheXnxZC_neCOxStvjuOIWTKqUBMSyP2JviKUIE02odCU2I06EWOlG_EpgF8Y49nn3HPcodX6T3uYpTMtR8JLMNTJW3vA-Tg,3600,2025-04-05 07:13:00.933954
20,BQABfH3eC_11D7_6fg5djnGsbIL3ucx6c8lZmUilkXTGD4tcdZXmUjjbhbpPnupv7EdtmbnOB4aZRZVwq2n83b-uSUnOyJNDEnXMkI1DyhDozxFr3jr1Jc6hBsv4laaAVA_w3Q5epK9zEfHJX_nop6WF9PsJJSzGRqhXDyz_JEy6MzTpYeKM-CJXOnK-JFFfIhAlkE8d7GfDb-kwhEaS9t-D_tTW2gxrOd8w-GBbutdelC-HjyRIIA2R7g,AQAqaXX4S96T6a3VoEgjkb6nw8489ckkFlqFgujjUJ5J5LGFqnvT1xEeaSuyAa6pHjomYIIAqEIq9RT0oWM3J7gRoDef4is5EZRlG3eKjJ-dIfsJe8tyhox2dwGuYVIN4Lc,3600,2025-04-05 07:17:09.049117
21,BQBxu51Ib9iSviOVhoOMcrLn3UCHy84w_IaeW07aBqEwNW-iffkTM29faWodk9H8r8_47_SjlQgvrvdMT9t4HwG0xBO4YL_n9cUyZxsD3dpdzJfN1KMH40YeadvteMilLHuY3Mb8nOadFz1kPdgsRaC6NSkLHXrGnj5TNJxsJe4g6hWg8r5FiO7juZnURJjoP_QbFId3HtQGv9iomR97KUjWYy2yLZh5iSpQFZiz7KkuHqcK42vg9lrz3Q,AQD8cM0_gtN40WpEWO6K_M--fVa9aU11c0am58u_OTs0wE-gqRydynqRauHtMfR5cI_0vdkk8wOSl77rtAVRe6j_oEgVArZV5mFbNZxG-zwWcJcN0uqD6OuJDsvxXbwwtsU,3600,2025-04-05 07:17:40.956505
22,BQDmkGOq1NUOdhywt6t9QJ_7HUsa3A2-bYdIgOOiL087dn4ngZoMzS3eyY3YPhvDdySK3HMbZY8lo5epBeZJtOsS6rU75N_qAXcH5nLk7-v6so5phCn3g9P6PuaxX3cnvZbbyUZKB8aR1qfBVvLwFdMizOG88IIlF5Dt_yGysEq6HiyGoRtyjc2nTRluctmxHGwBk9nxmDjzFzxzsgESPdD2A66kUfG1gEJk36z7iPpveV8rhUGRwPKHQg,AQA1eGng_9xzFwdck4MwLLSCwaxEltYs0k21NSabNhIHFIPDsMYFfiJtf932M9w5dnRD0c5JmmCll973P_U0mWtTsqfb3U_ulsUJDTEpsSslBN7vFNPqZ7ZaoX3dXPCAA2Q,3600,2025-04-05 07:26:06.477567
23,BQAvmo5uluG23r8Yrr_42kJ_lBxVFjRgV1io8wTUxXQsOMW17pKPmRRp7SnhRrsT0Tr95ipB0_j463DwpAVdtZ-AqPUKscFB1dB1xt3DGpnnwdLXILPfjPlTK6XbLPVPVCc3kLYQoBglT66AOgWA09wha6efvqyl5OZAcrmLCBFjTusic3Kf6_4Sb5pii435OAdCtfIkKFKcaE22-fu4b2bR6ZnylG9bJ0V5kvIGX7cGIHyNJ9_jerfNeQ,AQD9t-KBkaP0-Q6h0j1Wv-X7XqGFfMr8S5p55uD79S1T-3a6GPtcX6kzjHOIXGY7ko8q1FKAPgryo1S0Lfr2kpDQINL_MRuzBRQcm2nM-pLVUfptaVdb_bNdPtfn2oE5gf8,3600,2025-04-05 07:26:31.103958
24,BQCRY0w_bA4kmxNb-wgz6AtnERjcx4u1lVKtYV0xOuN2-dZipUnyCiP5cZEQmTR-EwSWyuoFhfG-N4YbANfH3W65uyyHrkEvk-waewiH4h_4VxVzdRR5nhbiPcQNZxMrg4p4vNRNKUmfoL-TB6hiFFPvCGMrw2h-lg8Ocvf7RLg5fsBGpHi-7D95sUi9PNd73hPRjIAfllq7yz1xft6-0TTMyGxPIn_H-dX0QoCYmVtBpXKk8gXPjPOb8w,AQBY1Py309kZAvS_30U-XRraHplScv8CDTnL5JNvDw3Bt-1Ljwo09RyWOtJ2SKNc8u6X_ai7UIcbJa8FEyDTnm9m7abkwUbXvcrPKkRXkNr5CGjEjaNOwUVZ4qcLe52lz_8,3600,2025-04-05 07:28:13.804298
25,BQBygavmWAtYDLhsgN3PwBVt5PR93qDrRYnUjXUQKLXAZhvkf0YXL7-1FnpwcEEahnOV_fEJFctQrcWnDBTNlqQA0y0bOp1dd0ZntTUs5ZZEJDL5Iqv6GFG4Gd9OAtgzuqRke9IlRLjoNFZyAGeJkthjL4Wsw1QHLG72tzmmVq2ogF-Bxr1sp_yhnSlKDfT3V3T3W8PzbAg3necw_4lhdAmZG6IabWdulRRghz4skBR5my2y27wCblcwzw,AQAiuC8bnWHmVfk1_0Ny_kbUWZPCedJCU15mGkDBUouVnjWKgo-38jcXjb9fDIyfZ9hqYClgnkaWMZ3IOahz1sqfNftAToSa9cJGgAYI0eslm1aHwf9dxYKMg5yKgBb13vI,3600,2025-04-05 07:34:26.572956
26,BQDMJtlLGrnMEaCMZU60GXWGmvhxeFj07iC5GOA5G5X6bF5ejNLB-7KaD3TGDzZXHMZhXIbv859bFV0TKXuBgNNW3-GtYyH9JJe1nRxdH0IoutWJwyD72ANmGWzPq1fXhMg_TiD7a_hBGcxIbKd6aFzPPBiI1e7zPhYt1Er17gg9EjhGzixhnR4qIIViehzQAkbRxqA7A7buJWcfxdRwDCO2YeF6KUCHz2yrE_BnKlyzWXNwDEyO2cRf6A,AQA6rd3Snc9_0dou7p2cX36ytogCyWr_i3BB21RopjPEUWwOJ4nNF6y1J0c_-LF0KD0u6zfqjS8aydQMRw9n-Ynnc8iO5bWgKoM-wU-QJoZI5UbwsrneIp70XjwgwQ7cHTk,3600,2025-04-05 07:35:20.588955
27,BQCZ_nb7XyF3_ARfYL3enoOVVa8IOy9gdyGkWVo-uLbgU9mpIWwmCRLgit41XDn8eSsyhcEoxSRPaEXA-1CQ1DsBilGOMOyyeXVO9QwTB_-XQyftoulpvhoI4CMy7U1ryBiabuPXn_3SkSlKGxVP4ah4GR9pSQSKp6tsiy6Yc-QL4XTfDvl6cRTvbP-dCMsQBcZ490_kVWSXBXrO9YqkRGeDX7KT5xzN9GYtHRQ6U6MpNKaMiJqxi0L2PA,AQCnhv9Bx74RojAGSEuDfvfqFIzSxEe2IeitUffRdZLDlVOZxrNUieiwvhnMixN_MI46n8rP7b5QbH-RE-4a5ipGBuerNKnF-4UBY9SqTQl2ODw2XAgtPGW0wbeaOWI6_2Q,3600,2025-04-05 07:36:49.782169
28,BQDp1ZAIHwxJHTIl-AdPJooZ7Pl1KI8r6WSAu_BDISsH5oIpcoFnSa4-DEgJrFz3MjhcnU291jBavq5AUtTokWr7wnIzFXGt-vzTFPcgqcVmrX6Y1fB9FO_OEyht88Zm8uvOaWQELlU6x1olV9wlst-1fXeTUm64neT609i3LhTIoJlvwl8xpYp-pvilq3VrNj2BownSZnrkKLz8XozIr0OrA7kz-sW1P6pgAgX6-1Q1Q0f8FdXA6gRSDA,AQCTnx2MKe42UcNnNQta4E8duZF__EsBGrtWDwmjQTy8TrwJ8RiE_plTmRzIIVj4A3ajCPhieL326mHmtouCxzBEplq3VClTbR-TLORQ1HF66shY9PxSQDLlY1Z09J3flPI,3600,2025-04-05 07:37:31.720292
29,BQCddIckv1v_xY7VrHhri1zKCULTgiW7Bh5lGqmhdXQd1OndFP_hCo82fId1CZQHI95ZR4FzTPzNacCHUedRTWG2eASpY7ZZiXVUTguU-JLS4-yfMO9f41t4pCMFolWCE461Kc3v8PN3Wb7v4rex4qRmTIXty3skqNIZJmMKGPZjhWQ6O3jRRXS79dtJvzpyvRHSieSL4IC1sKH9fqlcHItkO9F7qV1L6kbzdfxMqgqSR9m84AMxZTG-0g,AQCt1d_A_qPCFXxnYpiQ0wVNKcDvWGbAx8Q0KAv7xYBtddvlTGIt-BOPE8-sDIWL1L7ExKhEdLQ5MKwC1exVRN7ujEEmBiqG6EPv7CkWxOzR2gdCSQrhfYzGWQvD43MU0D0,3600,2025-04-05 07:39:58.803112
30,BQDjf2rsVFzMeTyPAg--NqBpCLuC_fO-YDI_jeVcXLg3LEcbZWrFrvO0kpaITZZcQbiv_dXnOPzTygq00HS2QI4JIdxrm896SvHO-FMdPUrNaNtE5tQx7AM6mEqLpGX-ZOPbHsNfPK-uDCRwoLZk7m-WHGwgV1OTbrQ_4RyuPqn0iPC_YYNo9xaPlbOLQWZLOIyA2yc0LXvSshMTcOeLqACknRAAbiVq8N4lE96rBDtvb4_z4Ge2fIwM6g,AQCya3eYyLTTOeIrG0BcBU3hmvxeeHG67SU0cRWHz-ktuAou1ciTdgnJ6Te_Qc68cTbIAMpNtSJq-6-2YVU5bBQfRnu3DPYgwbfYThl-VgrfvU0QH5eZwKuJZ6wX3XNdU8A,3600,2025-04-05 07:41:09.858355
31,BQATIbPGQC-ChZfJUlC9CwPCClavDCI473ntO2PqqQAXceGCPEai1VyRQyQ8yKRl2E2xpV1fGqCw6zXcX60sbG-HG66yZdcHcD6INCBpVZDBPJLQS-UE5x1LT4gPMeHP5zw1ayjqeyKWQbM9qR1gbLiH-ihrmQGfG7P4PlvTHSRh53UTATVtKCA--I8snXF_scttLlH7gf0f9-Xs3ZQ1HbtbhD2wvXYzSl0gV9_gXc87yKNfD-jQHeDPlQ,AQAMZogXDEs61C2SU3TkfvI93K8msPOX9HVAnqZyGF8e3VwyaB0L1Bh-DLzvDEG_5a06Ol29ymF-poudNPXVNVrGhyfBp-IWtS_8V-lFnr99kZVsy66OCVbYYXsjg_Ax5CM,3600,2025-04-05 07:42:47.521309
32,BQDBpk880ZnKWhm-lHnmF8SaOmfX5VEqtMAyGO6U4VZYbsypmHrtCUYqMkxG1STLVEtB-dw0_1amp5MuhP1pJVBQnfo3axh3LJdpebKIWY4VYihFhH_tsZcJo1C4aSLvGGUB7Iup07YsEaZ_JsoR6Nm0wK4uwnTvg13KOQbdVu_S3hjkSRoVDdwltFkTPWpFhQUkbqHIVoCZF_GBS2o0NwvU1I6jWTJMiJdnFVangMf7zKSR4hL0ay4nrA,AQBjkrTq_E-EN8SrDKaHMsNIRFbQv3AFB3CUDQeoPj3PEI2UgyIsdmkZ2MwgdfiMxLlDkwUEDT3zp57XWnHLez5RXPdiaOH3aJNFM_O5WG_tFZs1LEgV8Ya8O3-gX-a0au8,3600,2025-04-05 08:01:25.601779
33,BQC8GR5FNdo7ymWabD6ET8s_iW1gsKk9xU_l_5kquYnwSMc1b2IUfTYwuZ7c1P1HJCZz_G2JN4ZtjJR4rzA5cf1b8SdJ5YBILKqdibA-SQtMPXUgwVTnMYGVmg0WqTbQXim-bh4v-O_Kzt8pRzeyPyyIIpIRwq5T91GGdqcPBfjcUmcB21YaRkqMUTxK4wbYAal8WuaY0d_maDw-UMA-JzSxpixCqBC8yxMKwzrEAmgboH5U1Ll5yl6bdg,AQBr3YW80CgmanCaDRM9Ex5ixD2Vtek0Ces-_VkRcmzovJzWwYsOK06ApE3_3vBMmYq_WejR6RpwdV_-YSbF0T6Cl7p9zlxYKM6iesVUOCokBI7PkOc6u6dV8Wx8RYMLVac,3600,2025-04-05 08:08:04.528478
34,BQAti2NLygwb5yEai1joP-vsuGtlqdOyW4JydkypWmJUU1GPl3Tr_KgH2NyHrnLZKVl3RKUgNDTurj1HMfi7qaho08LA7v2U8Z3-P0zqcj-_Ptal-Dx6ZeqNp8XDloShPrVt9nkFvsrQDGirDLfokkiMSD9Q_F_eYRKgw-U12QaBZYVj11ZtibGH9WgBfsqloHmkpT_BjTTSCX9zWlC7kEs-AxtGUyMX78qYUGHlwYHDHp-uoYBTV-QvLQ,AQAOaWHqQ86hpQeEpsTHTBZ87WcRZT-bw3gNlQqb5JiHqvg5DP1QC9GenupW9t5MpyeKmVylBBMH92W-EzrIqRhjYN3EfYDINEJO5khAbxkfDJDpmooFQMjYRO0daHKMzyU,3600,2025-04-05 08:20:41.064403
1,"3125fm6z55int24ggl5lmhvuz5ea",aaditya,,,https://open.spotify.com/user/3125fm6z55int24ggl5lmhvuz5ea,https://i.scdn.co/image/ab6775700000ee852a030512c5fbe5830413390e
